{
  "loss": 1.5569525203318335e-05,
  "mae": 0.002624551998451352,
  "val_loss": 9.08558922674274e-06,
  "val_mae": 0.001955537125468254,
  "epoch": 36,
  "global_step": 7400
}