{
  "loss": 1.6157182471943088e-05,
  "mae": 0.0027164570055902004,
  "val_loss": 1.0113999451277778e-05,
  "val_mae": 0.0021560275927186012,
  "epoch": 49,
  "global_step": 10000
}