{
  "loss": 1.7027954527293332e-05,
  "mae": 0.0027771375607699156,
  "val_loss": 1.2446461369108874e-05,
  "val_mae": 0.0019776036497205496,
  "epoch": 49,
  "global_step": 10000
}