{
  "loss": 1.7134012523456477e-05,
  "mae": 0.0023684040643274784,
  "val_loss": 1.4091175216890406e-05,
  "val_mae": 0.0018827493768185377,
  "epoch": 49,
  "global_step": 10000
}